Born to Run,Christopher McDougall,n,n,n
Racing Weight,Matt Fitzgerald,n,n,n
A Short History of Nearly Everything,Bill Bryson,N,N,N
A Supposedly Fun Thing I’ll Never Do Again: Essays and Arguments,David Foster Wallace,N,N,N
A Vindication of the Rights of Woman,Mary Wollstonecraft,Y,N,N
Applied Minds: How Engineers Think ,Guruprasad Madhavan,N,Y,N
Bacchae,Euripides,N,N,N
bird by bird: some instructions on writing and life,anne lamott,Y,N,N
"Blood, Bones & Butter (great chef memoir)",Gabrielle Hamilton,y,N,N
"Bold: How to Go Big, Create Wealth and Impact the World",Peter H. Diamandis &Steven Kotler,N,N,N
Breakout Nations: In Pursuit of the Next Economic Miracles,Ruchir Sharma,N,Y,N
Capital,Karl Marx,N,N,N
City of God,Augustine,N,N,N
Civilization and Its Discontent,Sigmund Freud,N,N,N
Confessions,Augustine,N,N,N
"Creativity, Inc.: Overcoming the Unseen Forces That Stand in the Way of True Inspiration",Ed Catmull &Amy Wallace,Y,N,N
dark night of the soul,john of the cross,N,N,N
"Data, A Love Story: How I Gamed Online Dating to Meet My Match",Amy Webb,Y,N,N
Dead Ringers: How Outsourcing is Changing How Indians Understand Themselves,Shehzad Nadeem,N,Y,N
Dead Wake: The Last Crossing of the Lusitania,Erik Larson,N,N,N
Delancey,Molly Wizenberg,Y,N,N
Democracy in America,Alexis de Tocqueville,N,N,N
Devil in a White City,Erik Larson,N,N,N
Diary of Anais Nin (Vol. I-V),Anais Nin,Y,N,N
Dietland,Sarai Walker,F,N,N
Discourse on INequality and Social Contract,Jean-Jacques Rousseau,N,N,N
Discourse on Method and Meditations on First Philosophy,Rene Descartes,N,N,N
Edge of Desire: Recent Art in India ,Chaitanya Sambrani,Y,Y,N
"Elon Musk: Tesla, SpaceX, and the Quest for a Fantastic Future",Ashlee Vance,Y,N,N
Essays,Michel de Montaigne,N,N,N
"Filters Against Folly: How To Survive Despite Economists, Ecologists, and the Merely Eloquent ",Garrett Hardin,n,n,N
Games of Strategy (Fourth Edition) ,"Avinash Dixit, Susan Skeath & David H. Reiley, Jr.",Y,Y,N
gender trouble,judith butler,Y,n,N
"Godel, Escher, Bach",Douglas Hofstadter,N,N,N
Groundwork for the Metaphysics of Morals,Immanuel Kant,N,N,N
Heroides,Ovid,N,N,N
"House of Debt: How They (and You) Caused the Great Recession, and How We Can Prevent It from Happening Again",Atif Mian & Amir Sufi,N,Y,N
How to Get Lucky: 13 Techniques for Discovering and Taking Advantage of Life’s Good Breaks,Max Gunther,N,N,N
"If Not, Winter, Fragments of Sappho",Sappho,Y,N,N
Inside the machine : an illustrated introduction to microprocessors and computer architecture,Jon Stokes,N,N,N
Into Thin Air,John Krakauer,N,N,N
Introduction to the Philosophy of History,Georg Hegel,n,n,N
Leviathan,Hobbes,N,N,N
Meditations in an Emergency,Frank O’Hara,N,N,N
Metamorphoses,Ovid,N,N,N
Missoula,Jon Krakauer,N,N,N
Nicomachean Ethics,Aristotle,N,N,N
No Ordinary Disruption: The Four Global Forces Breaking All Trends,"Richard Dobbs, James Manyika, &Jonathan Woetzel",N,N,N
Obvious Adams: The Story of a Successful Businessman,Robert Rawls Updegraff,N,N,N
odd girl out,rachel simmons,Y,Y,N
Of Grammatology,Jacques Derrida,N,N,N
On Liberty and Other Essays,John Stuart Mill,N,N,N
On the Genealogy of Morals,Friedrich Nietszche,n,n,N
On the Origin of Species,Charles Darwin,N,N,N
Passions Within Reason: The Strategic Role of the Emotions ,Robert H. Frank,N,N,N
Pebbles of Perception - how a few good choices make all the difference,Laurence Endersen,N,N,N
Politics,Aristotle,N,N,N
Poorly Made in China: An Insider’s Account of the China Production Game,Paul Midler,N,N,N
"Predictably Irrational, Revised and Expanded Edition: The Hidden Forces That Shape Our Decisions ",Dan Ariely,N,N,N
Reflections on the Revolution in France,Edmund Burke,N,N,N
Republic,Plato,N,N,N
Risk Savvy: How to Make Good Decisions ,Gerd Gigerenzer,N,n,N
"Sex at Dawn: How We Mate, Why We Stray, and What It Means for Modern Relationships ",Christopher Ryan & Cacilda Jetha,Y,Y,N
Simple Rules: How to Thrive in a Complex World,Donald Sull &Kathleen M. Eisenhardt,Y,N,N
Sit Like a Buddha: A Pocket Guide to Meditation ,Lodro Rinzler,N,N,N
Start Here: Read Your Way Into 25 Amazing Authors,"Jeff O’Neal, Rebecca Joines Schinsky",Y,N,N
Tablet and Pen: Literary Landscapes from the Modern Middle East,Reza Aslan,N,Y,N
talking from 9 to 5,deborah tannen,Y,N,N
Thank You for Smoking,Christopher Buckly,N,N,N
the beauty myth,naomi wolf,F,N,N
the bridge called my back,cherrie l moraga,Y,Y,N
The Checklist Manifesto: How to Get Things Right ,Atul Gawande,N,Y,N
The Confidence Code: The Science and Art of Self-Assurance — What Women Should Know,"katty kay, claire shipman",Y,N,N
the curse of the good girl,rachel simmons,Y,Y,N
"The Darwin Economy: Liberty, Competition, and the Common Good ",Robert H. Frank,N,N,N
The Descent of Man,Charles Darwin,N,N,N
The Discourses,Machiavelli,N,N,N
The Evolution of War and its Cognitive Foundations  ,John Tooby & Leda Cosmides.,N,N,N
The Feminine Mystique,Betty Friedan,Y,N,N
The Folly of Fools: The Logic of Deceit and Self-Deception in Human Life ,Robert Trivers,N,N,N
"The Hour Between Dog and Wolf: Risk Taking, Gut Feelings and the Biology of Boom and Bust ",John Coates,N,N,N
The Information,James Gleick,N,N,N
The Interpretation of Dreams,Sigmund Freud,N,N,N
the madwoman in the attic: the woman writer and the nineteenth-century literary imagination,sandra m. gilbert,f,N,N
The Medea,Euripides,N,N,N
The New Jim Crow,Michelle Alexander,Y,Y,N
The Plot Against America ,Phillip Roth,N,N,N
The Power of Habit,Charles Duhigg,N,N,N
The Prince,Machiavelli,N,N,N
The Program Era: Postwar Fiction and the Rise of Creative Writing,Mark McGurl,N,N,N
The Red Queen: Sex and the Evolution of Human Nature ,Matt Ridley,N,N,N
The Righteous Mind: Why Good People Are Divided by Politics and Religion,Jonathan Haidt,N,N,N
"The Second Machine Age: Work, Progress, and Prosperity in a Time of Brilliant Technologies",Erik Brynjolfsson &Andrew McAfee,N,N,N
The Signal and the Noise: Why So Many Predictions Fail–but Some Don’t ,Nate Silver,N,N,N
The Symposium,Plato,N,N,N
"The Three Marriages: Reimagining Work, Self and Relationship",David Whyte,N,N,N
the winner take all society,robert h frank,N,N,N
The Wright Brothers,David McCullough ,N,N,N
"They Told Me Not to Take that Job: Tumult, Betrayal, Heroics, and the Transformation of Lincoln Center",Reynold Levy,N,N,N
"Thinking Fast, Thinking Slow",Daniel Kahneman,N,N,N
toyota under fire,jeffrey liker,N,N,N
Undocumented: A Dominican Boy’s Odyssey From a Homeless Shelter to the Ivy League,Dan-el Padilla Peralta,N,Y,N
"Vij’s at Home: Relax, Honey",Meeru Dhalwala & Vikram Vij,Y,Y,N
"Waterloo: The History of Four Days, Three Armies, and Three Battles",Bernard Cornwell,N,N,N
Wealth of Nations,Adam Smith,N,N,N
What I Talk About When I Talk About Running,Haruki Murakami,N,Y,N
What Works for Women at Work: Four Patterns Working Women,Joan C. Williams &Rachel Dempsey,Y,N,N
When and Where I Enter: The Impact of Black Women on Race and Sex in America,Paula Giddings,Y,Y,N
"Why Nations Fail: The Origins of Power, Prosperity, and Poverty",Daron Acemoglu & James Robinson,N,N,N
Writing & Difference ,Jacques Derrida,N,N,N
Zealot: Times of Jesus of Nazareth,Reza Aslan,N,Y,N
"Zero to One: Notes on Startups, or How to Build the Future ",Peter Thiel &Blake Masters,N,N,N
A Death in the Family,James Agee,N,N,n
A Heart-Breaking Work of Staggering Genius,David Eggers,N,N,N
a lover’s discourse: fragments,roland barthes,N,N,n
A Walk in the Woods,Bill Bryson,N,N,N
Adapt: Why Success Always Starts with Failure ,Tim Harford,N,n,N
Against interpretation,susan sontag,Y,N,N
At Home: A Short History of Private Life,Bill Bryson,N,N,N
Capital in the Twenty-First Century,Thomas Piketty,N,n,N
Citizen,Claudia Rankine,Y,Y,N
Faster,James Gleick,N,N,N
Feynman ,Jim Ottaviani&Leland Myrick ,N,N,N
GEEK SUBLIME ,Vikram Chandra,N,Y,N
giving notice,freade kapor klein,y,N,N
Good Enough to Dream,Roger Kahn,N,N,N
History of the Peloponnesian War,Thucydides,N,n,N
how to be a woman,caitlin moran,Y,N,N
after visiting friends,michael hainey,n,n,n
Of Orcas and Men,David Neiwert,n,N,N
On Photography,Susan Sontag,Y,N,N
Soul of a New Machine,Tracy Kidder,N,n,N
Steve Jobs,Walter Isaacson,N,N,N
styles of radical will,susan sontag,Y,N,N
The Innovators,Walter Isaacson,N,N,N
The Theory of Political Coalitions ,William H. Riker,N,N,N
A Confederacy of Dunces,John Kennedy Toole,N,N,F
A Gun for Sale (aka This Gun for Hire),Graham Greene,N,N,F
A Portrait of the Artist as a Young Man,James Joyce,N,N,F
A Prayer for Owen Meany,John Irving,N,N,F
A Tale of Two Cities,Charles Dickens,N,N,F
A Wild Sheep Chase,Haruki Murakami,N,Y,F
After Dark ,Haruki Murakami,N,Y,F
Age of Shiva,Manil Suri,N,Y,F
American Chinatown,Bonnie Tsui,Y,Y,F
An Artist of the Floating World,Kazuo Ishiguro,N,Y,F
Angela’s Ashes,Frank McCourt,N,N,F
Apple Tree Yard,Louise Doughty,Y,N,F
At the Mountains of Madness,H.P. Lovecraft,N,N,F
Atonement ,Ian McEwan,N,N,F
Ax,Donald E Westlake,N,N,F
Basket Case,Carl Hiaasen,N,N,F
Bleak House,Charles Dickens,N,N,F
Blindness,Jose Saramago,N,Y,F
Brideshead Revisited,Evelyn Waugh,F,N,F
Cain,Jose Saramago,N,Y,F
Carthage,Joyce Carol Oates,Y,N,F
china rich girlfriend ,kevin kwan,N,y,F
Chronicle of a Death Foretold,Gabriel Garcia Marquez,n,Y,F
Cities of the Plain,Cormac McCarthy,N,N,F
City of Devi,Manil Suri,N,Y,F
Cloud Atlas,David Mitchell,N,N,F
Colorless Tsukuru Tazaki,Haruki Murakami,N,Y,F
Contact,Carl Sagan,N,N,F
crime and punishment,Fyodor Dostoyevsky,n,n,F
Dance Dance Dance,Haruki Murakami,N,Y,F
Daniel Deronda,George Eliot,y,n,F
Dark Places,Gillian Flynn,Y,N,F
dear life,alice munro,Y,N,F
Death of Vishnu,Manil Suri,N,Y,F
Delta of Venus,Anais Nin,Y,N,F
Diamond Dust,Anita Desai,Y,Y,F
Dirk Gently’s Holistic Detective Agency,Douglas Adams,N,N,F
Don QUixote,Miguel de Cervantes,N,Y,F
Don't Look Now,Daphne du Maurier,Y,N,F
Double Whammy,Carl Hiaasen,N,N,F
Enduring Love,Ian McEwan,N,N,F
Ever After of Ashwin Rao,Padma Viswanathan,F,Y,F
Everything Is Illuminated ,Jonathan Safran Foer,N,N,F
Fantomas,Marcel Allain & Pierre Souvestre,N,N,F
"Farewell, my Lovely",Raymond Chandler,N,N,F
For Matrimonial Purposes,Kavita Daswani,Y,Y,F
Foundation,Isaac Asimov,N,N,F
Freedom,Jonathan Franzen,N,N,F
Fury,Salman Rushdie,N,Y,F
Genesis,Anonymous,N,N,f
Great Expectations,Charles Dickens,N,N,F
Hardboiled Wonderland and the End of the World,Haruki Murakami,N,Y,F
Haroun and the Sea of Stories,Salman Rushdie,N,Y,F
Heart of Darkness,Joseph Conrad,N,N,F
Heart-Shaped Box,Joe Hill,N,N,F
Heft,Liz MOore,Y,N,F
House of Incest,Anais Nin,Y,N,F
House of Leaves,mark z Danielewski,N,N,F
How to be Alone,Jonathan Franzen,N,N,F
hymn to demeter,Anonymous,N,n,f
"I, Robot",Isaac Asimov,N,N,F
If on a Winter's Night a Traveler ,Italo Calvino,N,N,F
Imaginary Homelands,Salman Rushdie,N,Y,F
In One Person,John Irving,N,N,F
In the Night Season,Richard Bausch,N,N,F
invisible cities,Italo Calvino,N,N,F
Invisible Man,Ralph Ellison,N,N,F
Jack of Spades,Joyce Carol Oates,Y,N,F
Job,Anonymous,N,n,f
Joseph Anton,Salman Rushdie,N,Y,F
Journey to Ithaca,Anita Desai,Y,Y,F
Kazuo Ishiguro,Kazuo Ishiguro,N,Y,F
Kick Ass,Carl Hiaasen,N,N,F
Lady Chatterley’s Lover,D.H. Lawrence,N,N,F
Last Night in Twisted River,John Irving,N,N,F
Less Than Zero,Brett Easton Ellis,N,N,F
"Lovely, Dark, Deep",Joyce Carol Oates,Y,N,F
Loving Frank ,Nancy Horan,Y,N,F
Luckiest Girl Alive,Jessica Knoll,Y,N,F
Luka and the Fire of Life,Salman Rushdie,N,Y,F
Luke/John,Anonymous,N,n,f
Lysistrate,Aristophanes,N,N,F
Middlemarch,George Eliot,y,n,F
Middlesex ,Jeffrey Eugenides,N,N,F
Midnight's Children,Salman Rushdie,N,Y,F
Mystic River,Dennis Lehane,N,N,F
Native Tongue,Carl Hiaasen,N,N,F
Nature Girl,Carl Hiaasen,N,N,F
Nausea,Jean-Paul Sartre,N,N,F
Neuromancer,William Gibson,N,N,f
Never Let Me Go,Kazuo Ishiguro,N,Y,F
No Country for Old Men,Cormac McCarthy,N,N,F
No Safe Place,Richard North Patterson,N,N,F
nobody is ever missing,catherine lacey,Y,N,F
Norwegian Wood,Haruki Murakami,N,Y,F
"Nostromo, a Tale of the Seaboard",Joseph Conrad,N,N,F
NW,Zadie Smith,Y,y,f
Oliver Twist,Charles Dickens,N,N,F
oresteia,Aeschylus,N,N,F
Oryx and Crake,Margaret Atwood,Y,Y,F
Our Man in Havana,Graham Greene,N,N,F
Paradise Lost,John Milton,N,N,F
Possession A Romance,A.S. Byatt,Y,N,F
Queen of Babble Gets Hitched,Meg Cabot,Y,N,F
Red Harvest,Dashiell Hammett,N,N,F
rendezvous with rama,Arthur C. Clarke,N,N,F
Revolutionary road ,Richard yates,N,N,F
Royal Wedding,Meg Cabot,Y,N,F
runaway,alice munro,Y,N,F
Shadow Tag,Louise Erdich,Y,N,F
Shame,Salman Rushdie,N,Y,F
Sharp Objects,Gillian Flynn,Y,N,F
Siddhartha,Hermann Hesse,N,N,F
Skinny Dip,Carl Hiaasen,N,N,F
Smiley’s People,John Le Carre,N,N,F
Son’s & Lovers,D.H. Lawrence,N,N,F
Steppenwolf,Hermann Hesse,N,N,F
Story of O,Anne Desclos,Y,N,F
Super Spy ,Matt Kindt,N,N,F
The Accursed,Joyce Carol Oates,Y,N,F
The Alchemist,Paulo Coelho,N,Y,F
The Amazing Adventures of Kavalier & Clay,Michael Chabon,N,N,F
the awakening,kate chopin,Y,N,F
The Big Clock ,Kenneth Fearing,N,N,F
The Cave,Jose Saramago,N,Y,F
The Cement Garden,Ian McEwan,N,N,F
The Collective,Don Lee,N,Y,F
The Crossing,Cormac McCarthy,N,N,F
The Cuckoo’s Calling,Robert Galbraith,Y,N,F
The Discoverers,Daniel J. Boorstin,N,N,F
The Divine Comedy,Dante,N,N,F
The English Patient,Michael ONdaatje,N,Y,F
The flamethrower,Rachel kushner,Y,Y,F
the god of small things,arundhati roy,Y,Y,F
The Goldfinch,Donna Tartt,Y,N,F
The Graveyard Book,Neil Gaiman,N,N,F
The Hours,Michael Cunningham,N,N,F
The Ignored,Bentley Little,N,N,F
The Iliad,Homer,N,N,F
The Illusionist,Dinitia Smith,Y,N,F
The Inheritance of Loss,Kiran Desai,Y,Y,F
The Instructions,Adam Levin,N,N,F
the interestings,meg wolitzer,Y,N,F
The Lake,Banana Yoshimoto,Y,Y,F
The last magazine,Michael Hastings,N,N,F
The Last Samurai,Helen DeWitt,Y,N,F
The Liars’ Club,Mary Karr,Y,N,F
The Lonely Polygamist,Brady Udall,N,N,F
The Long Goodbye,Raymond Chandler,N,N,F
The Lost Landscape,Joyce Carol Oates,Y,N,F
the love of a good woman,alice munro,Y,N,F
The Martian: A Novel ,Andy Weir,N,N,F
The Moor’s Last Sigh,Salman Rushdie,N,Y,F
The Odyssey,Homer,N,N,F
The Poisonwood Bible,Barabara Kingsolver,Y,N,F
The Power & The Glory,Graham Greene,N,N,F
The Remains of the Day,Kazuo Ishiguro,N,Y,F
The Road,Cormac McCarthy,N,N,F
The Rumor,Elin Hilderbrand,Y,N,F
The Runaway Jury,John Grisham,N,N,F
The Sacrifice,Joyce Carol Oates,Y,N,F
The Satanic Verses,Salman Rushdie,N,Y,F
The Silkworm,Robert Galbraith,Y,N,F
The Sputnik Sweetheart,Haruki Murakami,N,Y,F
The Spy Who Came In From the Cold,John Le Carre,N,N,F
The Story of an hour,kate chopin,Y,N,F
The Thin Man,Dashiell Hammett,N,N,F
The Toss of a Lemon,Padma Viswanathan,F,Y,F
The Trial,Franz Kafka,N,N,F
The Ultimate Hitchhiker’s Guide,Douglas Adams,N,N,F
the vacationers,emma straub,Y,N,F
The Village Bride of Beverly Hills,Kavita Daswani,Y,Y,F
The Wind-Up Bird Chronicle,Haruki Murakami,N,Y,F
Them,Joyce Carol Oates,Y,N,F
Tinker Tailor Soldier Spy,John Le Carre,N,N,F
too much happiness,alice munro,Y,N,F
Tow Years Eight Months and Twenty Eight Nights,Salman Rushdie,N,Y,F
Ulysses,James Joyce,N,N,F
Underworld,Don DeLillo,N,N,F
Veronika Decides to Die,Paulo Coelho,N,Y,F
Villette,Charlotte Bronte,Y,N,F
We Were the Mulvaneys,Joyce Carol Oates,Y,N,F
Werewolves in Their Youth,Michael Chabon,N,N,F
White Noise,Don DeLillo,N,N,F
Why Can't I Be You,Allie Larkin,Y,N,F
You Must Remember This,Joyce Carol Oates,Y,N,F
Zen and the Art of Motorcycle Maintenance,Robert M Pirsig,N,N,F
Zombie,Joyce Carol Oates,Y,N,F
A Better Man,Leah McLaren,Y,N,F
A Canticle for Leibowitz,Walter M. Miller,N,N,F
A Firing Offense,David Ignatius,N,N,F
A Gate at the Stairs,Lorrie Moore,Y,N,f
A House for Mr. Biswas,V.S. Naipaul,N,Y,f
A Patchwork Planet,Anne Tyler,Y,N,F
A Perfect Crime,Peter Abrahams,N,N,F
A Raisin in the sUN,lorraine hansberry,Y,Y,F
A River Runs Through It and Other Stories,Norman MacLean,N,N,f
A Short Guide to a Happy Life ,Anna Quindlen,Y,N,f
A Sight for Sore Eyes,Ruth Rendell,Y,N,F
A Suitable Boy,Vikram Seth,N,Y,F
A Tale for the Time Being,Ruth L. ozeki,Y,Y,F
All the Light we cannot see,Anthony Doerr,N,N,F
Among the Ten Thousand Things ,julia pierpont,Y,N,F
Ancient Shores,Jack McDevitt,N,N,F
Bed,Tao Lin,N,Y,F
Big Machine,Victor Lavalle,N,N,F
Book of Numbers,Joshua Cohen,N,N,F
Canopus in Argos,Doris Lessing,Y,N,F
Captain Freedom ,G. Xavier Robillard,n,N,F
Cathedral,Nelson DeMille,N,N,F
Charming Billy,Alice McDermott,Y,N,F
Citizens of No Place: An Architechtural Graphic Novel,Jiminez Lai,N,Y,F
Close Range: Wyoming Stories,Annie Proulx,Y,N,F
Concrete Island,J.G. Ballard,N,N,F
Deliverance ,James Dickey,N,N,F
Eeeee Eee Eeee,Tao Lin,N,Y,F
Even Cowgirls Get the Blues,Tom Robbins,N,n,F
Faust,Johann Wolfgang von Goethe,N,N,F
Foucault’s Pendulum,Umberto Eco,N,n,F
Freedomland,Richard Price,N,N,F
Furnace,Muriel Gray,Y,N,F
Gilead,Marilynne Robinson,Y,N,F
go tell it on the mountain,james baldwin,N,Y,F
Golden Notebook,Doris Lessing,Y,N,F
Good Omens,Neil Gaiman & Terry Pratchett,N,N,F
Gravity,Tess Gerritsen,Y,Y,F
Gravity's Rainbow,Thomas Pynchon,N,n,F
Hannibal,Thomas Harris,N,n,F
How to build a girl,caitlin moran,Y,N,F
How to Get Filthy Rich in Rising Asia,Mohsin Hamid,N,Y,F
I Am the Messenger,Markus Zusak,N,N,F
I Hotel,Karen Tei Yamashita,Y,Y,F
In the Lake of the Woods,Tim O’Brien,N,n,F
In the woods,tana french,Y,N,F
Lights Out,Peter Abrahams,N,N,F
Pressure Drop,Peter Abrahams,N,N,F
Revolution #9,Peter Abrahams,N,N,F
Jonathan Strange & Mr. Norrell,Susanna Clarke,Y,N,F
King Lear,WIlliam Shakespeare,N,N,F
Mason & Dixon,Thomas Pynchon,N,n,F
Oedipus Rex,Sophocles,N,N,F
Richard yates,Tao Lin,N,Y,F
The Aenied,Virgil,N,N,F
The Crying of Lot 49,Thomas Pynchon,N,n,F
The Shipping News,Annie Proulx,Y,N,F
V,Thomas Pynchon,N,n,F
War and Peace,Leo Tolstoy,N,N,F
Invisible ,Paul Auster,N,N,F
Jim the Boy,Tony Earley,N,n,F
Latitude Zero,Windsor Chorlton,N,N,F
Life A Users Manual ,Georges Perec,n,n,F
Livability ,Jon Raymond,N,N,F
Lives of the Monster Dogs,Kirsten Bakis,N,N,F
makers,Chris Anderson,N,N,N
men explain things to me,rebecca solnit,F,N,N
Mistakes were made (but not by me),Carol Tavris &Elliot Aronson,Y,N,N
Mobius Dick,Andrew Crumey,N,N,f
Mohawk,Richard Russo,N,N,f
Moon and Sixpense,W. Somerset Maugham,N,N,f
Murder in the Museum of Man ,Alfred Alcorn,N,N,f
native son,richard wright,N,Y,f
Night and the City,Gerald Kersh,n,n,f
no name in the street,james baldwin,N,Y,n
No One Belongs Here More than You,Miranda July,Y,N,F
notes of a native son,james baldwin,N,Y,N
One True Thing,Anna Quindlen,Y,N,F
Pale Fire ,Vladimir Nabokov,N,N,F
Plainsong,Kent Haruf,N,N,F
Poor Charlie’s Almanack,Peter D. Kaufman &Ed Wexler,N,N,n
Pretty Good Number One,Matthew Amster-Burton,N,N,n
Quiet,Susan Cain,Y,N,n
Reservation Road,John Burnham Schwartz,N,N,f
self-help inc,Micki McGee,Y,Y,n
Shadow and Claw,Gene Wolf,n,n,f
Shadow of the Wind,Carlos Ruiz Zafon,N,Y,f
Showstopper!,G. Pascal Zachary,N,n,n
sister outsider,audre lorde,Y,Y,n
Situation and the story,Vivian Gornick,Y,Y,N
Smilla’s Sense of Snow,Peter Hoeg,N,N,F
Song of Solomon,Toni MOrrison,Y,Y,F
Still Life With Woodpecker,Tom Robbins,N,n,F
Survivor,Tabitha King,Y,N,F
Swimming Home,Deborah Levy,Y,N,F
Sword and Citadel,Gene Wolf,n,n,F
The Art of Fielding,Chad Harbach,N,N,F
The Art of Stillness: Adventures in Going Nowhere,Pico Iyer,N,Y,N
The Ask ,Sam Lipsyte,n,n,F
The Assistant,Bernard Malamud,N,N,f
the bell jar,sylvia plath,Y,N,F
the bluest eye,toni morrison,Y,Y,F
No Quarter: The Battle of the Crater,Richard Slotkin,N,N,N
The Dante Club,Matthew Pearl,N,N,F
The Decameron,Boccaccio,N,N,F
The Devil’s Own Work,Alan Judd,N,N,n
The Dick Gibson Show,Stanley Elkin,N,N,F
The Divers Clothes Lie Empty,Vendela Vida,N,Y,F
The Egyptian,Mika Toimi Waltari,N,Y,F
The Elegance of the Hedgehog,Muriel Barbery,Y,Y,F
The English Major ,Jim Harrison,N,N,F
The Eye in the Door,Pat Barker,Y,N,F
The Family Fang ,Kevin Wilson,N,N,F
The Fifties,David Halberstam,N,N,n
the fire next time,james baldwin,N,Y,n
The Ghost Road,Pat Barker,Y,N,F
The Girl in the Road,Monica Byrne,Y,N,F
The Good Spy: The Life and Death of Robert Ames,Kai Bird,N,N,N
the great work of your life,Stephen Cope,N,N,N
The Harder They Come,T. C. Boyle,N,N,F
The HIstories,Herodotus,N,N,F
The Housekeeper & the Professor,Yoko Ogawa,Y,Y,f
The Karma of Brown Folk,Vijay Prashad,N,Y,n
The Lessons of History,Will Durant & Ariel Durant,Y,N,N
The Name of the Rose,Umberto Eco,N,N,F
The Poet,Michael Connelly,N,N,F
The Razor’s Edge,W. Somerset Maugham,N,N,F
The Reason I Jump: The Inner Voice of a Thirteen-Year-Old Boy with Autism ,Naoki Higashida,N,Y,N
The Redbreast,Jo Nesbo,N,N,f
the rise and fall of great powers,tom rachman,N,n,n
The Savage Detectives ,Roberto Bolano,N,Y,f
The second sex,Simone de beauvoir,F,N,n
The Sheltering Sky,Paul Bowles,N,N,f
The Shia Revival: How Conflicts within Islam Will Shape the Future,Vali Nasr,N,Y,n
The Silent Wife,A.S.A. Harrison,Y,N,n
The Souls of Black Folk,W.E.B. Du Bois,N,Y,N
The Speed Queen,Stewart O’Nan,N,N,F
The Storied Life of A.j. Fikry,Gabrielle Zevin,Y,Y,F
The White Tiger,Aravind Adiga,N,Y,f
The Woman in White,Wilkie Collins,N,N,f
The Women,T. C. Boyle,N,N,f
There Is A River: The Black Struggle for Freedom in America,Vincent Harding,N,Y,n
thieves of manhattan,Adam Langer,N,N,f
This Earth of Mankind ,Pramoedya Ananta Toer,N,Y,f
Three Guineas,Virginia Woolf,Y,N,N
Through the Arc of the Rainforest,Karen Tei Yamashita,Y,Y,f
To the Lighthouse,Virginia Woolf,Y,N,F
we should all be feminists,chimamanda ngozi adichie,Y,Y,N
When Paris Went Dark,Ronald C. Rosbottom,N,N,N
Where I’m Calling From,Raymond Carver,N,N,F
White Apples,Jonathan Carroll,N,N,F
who says elephants can't dance?,Louis V. Gerstner Jr.,N,N,N
Why Sinatra Matters,Pete Hamill,N,N,N
why so slow,virginia valian,Y,N,N
A Rage in Harlem,Chester B. Himes,n,y,F
Slouching Towards Bethlehem,Joan Didion,y,N,F
The Member of the Wedding,Carson McCullers,y,n,f
dracula,bram stoker,n,n,f
The Human Comedy,William Saroyan,n,n,f
Asleep,Banana Yoshimoto,y,y,F
Amrita,Banana Yoshimoto,y,y,F
Death in Midsummer and Other Stories,Yukio Mishima,y,y,F
The Lover,Marguerite Duras,y,n,F
Essays in Idleness and Hôjôki," Yoshida Kenkō & Kamo no Chōmei,",n,y,n
Days of Obligation: An Argument with my Mexican Father,Richard Rodriguez,n,Y,n
Hunger of Memory: Th Education of Richard Rodriguez,Richard Rodriguez,n,Y,n
What Is History?,Edward Carr,n,n,n
Can Man Be Modified?,Jean Rostand,n,n,n
THe Insect World,J. Henri Fabre,n,n,n
The Art of Scientific Investigation,William I. Beveridge,n,n,n
Power without Property,"Adolph A. Berle, Jr",n,n,n
10% Happier,Dan harris,n,n,n
Mindless Eating,Brian Wansink,n,n,n
Through the Language Glass,Guy Deutscher,n,n,n
"Breaking the Mold: Men, Women, and Time in the Corporate World",Lotte Bailyn,y,n,n
"Scatter, Adapt, and Remember: How Humans Will Survive a Mass Extinction ",Annalee Newitz,y,n,n
Infested: How the Bed Bug Infiltrated Our Bedrooms and Took Over the World,Brooke Borel,y,n,n
Gulp: Adventures on the Alimentary Canal,Mary Roach,y,n,n
Stiff: The Curious Lives of Human Cadavers,Mary Roach,y,n,n
Spook: Science Tackles the Afterlife,Mary Roach,y,n,n
Bonk: The Curious Coupling of Science and Sex,Mary Roach,y,n,n
Life on Mars,Tracy K. Smith,y,n,n
A Working Theory of Love,Scott Hutchins,n,n,f
Cracking the Code,yushmann Khurana and Tahira Kashyap,N,Y,N
Half of a Yellow Sun,Chimamanda Ngozi Adichie,Y,y,F
The Absolutely True Diary of a Part-Time Indian,Sherman Alexie,N,Y,F
The Just City,Jo Walton,Y,N,F
Soy Sauce For Beginners,Kirstin Chen,Y,y,F
That Thing Around Your Neck,Chimamanda Ngozi Adichie,Y,y,F
The Silo Effect,Gillian Tett,Y,n,N
Primates of Park Avenue: A Memoir,Wednesday Martin,Y,N,N
Can’t and Won’t,Lydia Davis,Y,N,F
On Booze,F. Scott Fitzgerald,N,N,F
H is for Hawk,Helen Macdonald,Y,N,N
Prelude to Bruise,Saeed Jones,N,Y,N
The Real World of Technology,Ursula M. Franklin,Y,N,N
The Mahabharata,C. Rajagoplachari,Y,Y,Y
Anandmath,Bankim Chandra Chatterji,N,Y,F
Godan,Munshi Premchand,N,Y,F
Twilight in Delhi,Ahmed Ali,N,Y,F
Aag ka Dariya,Qurratulain Hyder,N,Y,F
Baumgartmer’s Bombay,Anita Desai,Y,Y,F
The Shadow Lines,Amitav Ghosh,N,Y,F
Cutting for Stone,Abraham Verghese,N,Y,F
Galileos’ Daughter,Dava Sobel,y,N,N
Such A Long Journey,Rohinton Mistry,n,y,F
Rubaiyat of Omar Khayyam,,,Y,
"The Baburnama: Memoirs of Babur, Prince and Emperor",Babur,n,Y,N
The Feynman Processor,Gerard J. Milburn,N,N,N
Longitude,Dava Sobel,Y,N,N
The Glass Castle,Jeannette Walls,Y,N,F
The Conference of the Birds,Farid ud-Din Attar,N,Y,F
The Myth of Sisyphus,Albert Camus,N,Y,N
The Enchantress of Florence,Salman Rushdie,N,Y,F
A Fine Balance,Rohinton Mistry,N,Y,F
Beyond Belief,V.S. Naipaul,N,Y,F
Stumbling On Happiness,Daniel Gilbert,N,N,N
Design as Art,Bruno Munari,N,N,N
What is a Designer,Norman Potter,N,N,N
The Interface: IBM and the Transformation of Corporate Design,John Harwood,N,N,N
Seeing is Forgetting the Name of the Thing One Sees,Lawrence Weschler,N,N,N
Ways of Seeing,John Berger,N,N,N
Six Memos for the Next Millennium,Italo Calvino,N,N,N
The Mezzanine,Nicholson Baker,N,N,F
An Attempt at Exhausting a Place in Paris,Georges Perec,N,N,N
I Seem to Be a Verb,R. Buckminster Fuller,N,N,N
A Pattern Language,"Christopher Alexander, Sara Ishikawa, Murray Silverstein, Max Jacobson, Ingrid Fiksdahl-King, Shlomo Angel",Y,Y,N
The Gift: Creativity and the Artist in the Modern World,Lewis Hyde,N,N,N
The Collected Stories of Lydia Davis,Lydia Davis,Y,N,F
"Design, Form, and Chaos",Paul Rand,N,N,N
Cameraworks,Lawrence Weschler,N,N,N
"Common as Air: Revolution, Art, and Ownership",Lewis Hyde,N,N,N
The Mirror: A History,Sabine Melchoir-Bonnet,Y,N,N
Sum: Forty Tales from the Afterlives,David Eagleman,N,N,F
In Praise of Shadows,Junichiro Tanizaki,N,Y,N
Angelmaker,Nick Harkaway,N,N,F
A Field Guide to Being Lost,REbecca Solnit,Y,N,N
River of Shadows: Eadweard Muybridge and the Technological Wild West,Rebecca Solnit,Y,N,N
Essays of E. B. White,E. B. White,N,N,N
Where Good Ideas Come From,Steven Johnson,N,N,N
The Speechwriter: A Brief Education in Politics,Barton Swaim,N,N,N
The Power of Myth,Joseph Campbell,N,N,N
And the Pursuit of Happiness,Maira Kalman,Y,Y,N
How to Live: Or A Life of Montaigne in One Question and Twenty Attempts at an Answer,Sarah Bakewell,Y,N,N
"Madness, Rack, and Honey: Collected Lectures",Mary Ruefle,Y,N,N
How To Tell When You're Tired: A Brief Examination of Work,Reg Theriault,N,N,N
Fates and Furies,Lauren Groff,Y,N,F
Everybody Rise,Stephanie Clifford,Y,N,F
Purity,Jonathan Franzen,N,N,F
A Window Opens,Elisabeth Egan,Y,N,F
Just My Type,Simon Garfield,N,N,N
Bountiful Instructions for Enlightenment,Minal Hajratwala,Y,Y,N
Leaving india,Minal Hajratwala,Y,Y,N
Contours of the Heart: South Asians Map North America,Minal Hajratwala,Y,Y,F
Love Marriage,V. V. Ganeshananthan,Y,Y,F
Meditations,Marcus Aurelius,N,N,N
Letters from a Stoic,Seneca,N,N,N
On the Shortness of Life,Seneca,N,N,N
Man's Search for Meaning,Viktor Frankl,N,N,N
48 Laws of Power,Robert Greene,N,N,N
Rules for Radicals,Saul D. Alinsky,N,N,N
The Moral Animal,Robert Wright,N,N,N
Sex on the Brain,Deborah Blum,Y,N,N
Sperm Wars,Robin Baker,N,N,N
The Game,Neil Strauss,N,N,N
The God Delusion,Richard Dawkins,N,N,N
The Net Delusion,Evgeny Morozov,N,N,N
Eating Animals,Jonathan Safran Foer,N,N,N
Facing Codependence,Pia Mellody,Y,N,N
The Black Swan: The Impact of the Highly Improbable,Nassim Nicholas Taleb,N,Y,N
Fooled by Randomness: The Hidden Role of Chance in Life and in the Markets,Nassim Nicholas Taleb,N,Y,N
The Bed of Procrustes: Philosophical and Practical Aphorisms,Nassim Nicholas Taleb,N,Y,N
Candide,Voltaire,N,N,F
Ask the Dust,John Fante,N,N,F
Babbitt,Sinclair Lewis,N,N,F
The Moviegoer,Walker Percy,N,N,F
The Tiger: A True Sotry of Vengeance and Survival,John Vaillant,N,N,N
Letters from a Self-Made Merchant to His Son,George Horace Lorimer,N,N,F
Totto-Chan: The Little Girl at the Window,Tetsuko Kuroyanagi,Y,Y,N
The Age of the Image: Redefining Literacy in the a World of Screens,Stephen Apkon,N,N,N
The Empathy Exams: Essays,Leslie Jamison,Y,N,N
Thanks for the,Feedback:The Science and Art of Receiving Feedback WellDouglas Stone & Sheila Heen,Y,N,N
On the Outside Looking Indian,Rupinder Gill,Y,Y,F
Two Lives,Vikram Seth,N,Y,F
Secret Daughter,Shilpi Somaya Gowda,Y,Y,F
The White TIger,Aravid Adiga,N,Y,F
Unknown Erros of Our Lives,Chitra Banerjee Divakaruni,Y,Y,F
The Joy Luck Club,Amy Tan,Y,Y,F
A Passage to India,EM Forster,Y,N,F
The Taliban Cricket Club,Timeri N. Murari,Y,Y,F
Breast Stories,Mahasweta Devi,Y,Y,F
The Leaving of Things,Jay Antani,N,Y,F
Fieldnotes from a Catastrophe,Elizabeth Kolbert,Y,N,N
Made to Stick: Why Some Ideas Survive and Others Die,Chip Heath & Dan Heath,N,N,N
The ONly WOman in the Room: Why Science is Still a BOys Club,Eileen Pollack,Y,N,N
This Town: Two Parties and a Funeral — plus plenty of valet parking! — in America’s Gilded Capital,Mark Leibovich,N,N,N
Widow Basquiat: A Love Story,Jennifer Clement,Y,N,N
"Zen Flesh, Zen Bones: A Collection of Zen and Pre-Zen Writings","Paul Reps, Nyogen Senzaki",Y,Y,N
Normal Accidents,,N,,N
The English and Their History,Robert Tombs,N,N,N
Mastering Metrics: The Path from Cause to Effect,Josha D. Angrist and Jorn-Steffen Pischke,N,N,N
The Happiness Hypothesis,Jonathan Haidt,N,N,N
The Lunar Men,Jenny Uglow,Y,N,N
The Presentation of Self in Everyday Life,Erving Goffman,N,N,N
Clara,Roberto Blano,N,Y,F
Hitting Budapest,NoViolet Bulawayo,Y,Y,F
Whites,Julie Otsuka,Y,Y,F
Ghosts,Edwidge Danticat,Y,Y,F
My Good Man,Eric Gansworth,N,Y,F
"Gold Boy, Emerald Girl",Yiyun Li,Y,Y,F
Bounty,George Saunders,N,N,F
Snow Crash,Neal Stephenson,N,N,F
Perdido Street Station,China Mieville,N,N,F
Lilith's Brood,Octavia Butler,Y,Y,F
The Hundred Thousand Kingdoms,NK Jemisin,Y,Y,F
